<?xml version = '1.0' encoding = 'UTF-8'?>
<Diagram class="oracle.dbtools.crest.swingui.logical.DPVLogical" name="Logical" id="9592ADF4-65E8-18FD-094A-713EFA697B96">
<createdBy>javit</createdBy>
<modifiedBy>javit</modifiedBy>
<createdTime>2026-01-12 22:33:30 UTC</createdTime>
<autoRoute>false</autoRoute>
<boxInbox>true</boxInbox>
<showLegend>false</showLegend>
<showLabels>false</showLabels>
<showRelAttributes>false</showRelAttributes>
<gridEnabled>false</gridEnabled>
<showGrid>false</showGrid>
<diagramColor>-1</diagramColor>
<display>false</display>
<notation>1</notation>
<objectViews>
<OView class="oracle.dbtools.crest.swingui.logical.TVEntity" oid="024D1705-A66F-AFB3-5B51-C1514889CC25" otype="Entity" vid="0B6C2711-00B3-39A3-C035-2FEF7CAAB14F">
<hideElementsInCurrentOnly>false</hideElementsInCurrentOnly>
<bounds x="116" y="490" width="227" height="161"/>
</OView>
<OView class="oracle.dbtools.crest.swingui.logical.TVEntity" oid="051C2E64-74C7-53C7-BE24-534AF2A09DB0" otype="Entity" vid="DA46463D-51A1-532A-9B5F-869F0B46C1C4">
<hideElementsInCurrentOnly>false</hideElementsInCurrentOnly>
<bounds x="615" y="531" width="210" height="122"/>
</OView>
<OView class="oracle.dbtools.crest.swingui.logical.TVEntity" oid="0DC22908-E726-CB0D-6341-BB7F0A9F2E67" otype="Entity" vid="801072C9-AF54-D3F9-3BD4-108335476ADF">
<hideElementsInCurrentOnly>false</hideElementsInCurrentOnly>
<bounds x="99" y="174" width="219" height="157"/>
</OView>
<OView class="oracle.dbtools.crest.swingui.logical.TVEntity" oid="86E21075-7C6F-31CE-5B02-D702A13C341D" otype="Entity" vid="67B3F052-46B8-FAD7-E804-91C7DEED9B8E">
<hideElementsInCurrentOnly>false</hideElementsInCurrentOnly>
<bounds x="947" y="134" width="252" height="248"/>
</OView>
<OView class="oracle.dbtools.crest.swingui.logical.TVEntity" oid="9537AB7F-B39F-3401-608A-E5C2E7151766" otype="Entity" vid="136E8C24-39F5-693A-33AB-10D9F2E30EB9">
<hideElementsInCurrentOnly>false</hideElementsInCurrentOnly>
<bounds x="352" y="12" width="170" height="110"/>
</OView>
<OView class="oracle.dbtools.crest.swingui.logical.TVEntity" oid="D9347185-5459-CB18-A055-6A71602D3C87" otype="Entity" vid="32EF249E-B6B7-B769-EA06-95980A44A8F5">
<hideElementsInCurrentOnly>false</hideElementsInCurrentOnly>
<bounds x="579" y="198" width="248" height="167"/>
</OView>
</objectViews>
<connectors>
<Connector class="oracle.dbtools.crest.swingui.logical.TVRelation" oid="34765B0F-8836-BDFC-26A1-6B340AEDC185" otype="Relation" vid_source="67B3F052-46B8-FAD7-E804-91C7DEED9B8E" vid_target="67B3F052-46B8-FAD7-E804-91C7DEED9B8E">
<hideElementsInCurrentOnly>false</hideElementsInCurrentOnly>
<backgroundColor>-16777216</backgroundColor>
<lineWidth>1</lineWidth>
<points>
<point x="1199" y="274"/>
<point x="1249" y="274"/>
<point x="1249" y="422"/>
<point x="1095" y="422"/>
<point x="1095" y="382"/>
</points>
</Connector>
<Connector class="oracle.dbtools.crest.swingui.logical.TVRelation" oid="42CF1D72-C19D-568E-1670-89D2C21619BF" otype="Relation" vid_source="0B6C2711-00B3-39A3-C035-2FEF7CAAB14F" vid_target="32EF249E-B6B7-B769-EA06-95980A44A8F5">
<hideElementsInCurrentOnly>false</hideElementsInCurrentOnly>
<backgroundColor>-16777216</backgroundColor>
<lineWidth>1</lineWidth>
<points>
<point x="343" y="490"/>
<point x="343" y="332"/>
<point x="579" y="332"/>
</points>
</Connector>
<Connector class="oracle.dbtools.crest.swingui.logical.TVRelation" oid="6215CDB1-9F5D-98EB-9C69-362F45D8B75A" otype="Relation" vid_source="0B6C2711-00B3-39A3-C035-2FEF7CAAB14F" vid_target="DA46463D-51A1-532A-9B5F-869F0B46C1C4">
<hideElementsInCurrentOnly>false</hideElementsInCurrentOnly>
<backgroundColor>-16777216</backgroundColor>
<lineWidth>1</lineWidth>
<points>
<point x="343" y="591"/>
<point x="615" y="591"/>
</points>
</Connector>
<Connector class="oracle.dbtools.crest.swingui.logical.TVRelation" oid="8E743CA3-C540-9595-7D68-6C2871043D41" otype="Relation" vid_source="801072C9-AF54-D3F9-3BD4-108335476ADF" vid_target="32EF249E-B6B7-B769-EA06-95980A44A8F5">
<hideElementsInCurrentOnly>false</hideElementsInCurrentOnly>
<backgroundColor>-16777216</backgroundColor>
<lineWidth>1</lineWidth>
<points>
<point x="318" y="264"/>
<point x="579" y="264"/>
</points>
</Connector>
<Connector class="oracle.dbtools.crest.swingui.logical.TVRelation" oid="9ACE1571-6391-487B-1E53-811A881D1B1A" otype="Relation" vid_source="136E8C24-39F5-693A-33AB-10D9F2E30EB9" vid_target="801072C9-AF54-D3F9-3BD4-108335476ADF">
<hideElementsInCurrentOnly>false</hideElementsInCurrentOnly>
<backgroundColor>-16777216</backgroundColor>
<lineWidth>1</lineWidth>
<points>
<point x="352" y="70"/>
<point x="209" y="70"/>
<point x="209" y="174"/>
</points>
</Connector>
</connectors>
</Diagram>
