<?xml version = '1.0' encoding = 'UTF-8'?>
<Diagram class="oracle.dbtools.crest.swingui.logical.DPVLogical" name="Logical" id="9592ADF4-65E8-18FD-094A-713EFA697B96">
<createdBy>javit</createdBy>
<modifiedBy>javit</modifiedBy>
<createdTime>2026-01-12 22:33:30 UTC</createdTime>
<autoRoute>false</autoRoute>
<boxInbox>true</boxInbox>
<showLegend>false</showLegend>
<showLabels>false</showLabels>
<showRelAttributes>false</showRelAttributes>
<gridEnabled>false</gridEnabled>
<showGrid>false</showGrid>
<diagramColor>-1</diagramColor>
<display>false</display>
<notation>1</notation>
<objectViews>
<OView class="oracle.dbtools.crest.swingui.logical.TVEntity" oid="024D1705-A66F-AFB3-5B51-C1514889CC25" otype="Entity" vid="0B6C2711-00B3-39A3-C035-2FEF7CAAB14F">
<hideElementsInCurrentOnly>false</hideElementsInCurrentOnly>
<bounds x="71" y="48" width="221" height="158"/>
</OView>
<OView class="oracle.dbtools.crest.swingui.logical.TVEntity" oid="0DC22908-E726-CB0D-6341-BB7F0A9F2E67" otype="Entity" vid="801072C9-AF54-D3F9-3BD4-108335476ADF">
<hideElementsInCurrentOnly>false</hideElementsInCurrentOnly>
<bounds x="332" y="66" width="170" height="110"/>
</OView>
<OView class="oracle.dbtools.crest.swingui.logical.TVEntity" oid="86E21075-7C6F-31CE-5B02-D702A13C341D" otype="Entity" vid="67B3F052-46B8-FAD7-E804-91C7DEED9B8E">
<hideElementsInCurrentOnly>false</hideElementsInCurrentOnly>
<bounds x="326" y="199" width="211" height="150"/>
</OView>
</objectViews>
</Diagram>