<?xml version = '1.0' encoding = 'UTF-8'?>
<Relation class="oracle.dbtools.crest.model.design.logical.Relation" name="Supervisor-Emp" directorySegmentName="seg_0" id="34765B0F-8836-BDFC-26A1-6B340AEDC185">
<createdBy>javit</createdBy>
<createdTime>2026-01-19 22:46:30 UTC</createdTime>
<ownerDesignName>Modelo_Base</ownerDesignName>
<engineerTo>
<item key="DA37C16A-6FE4-5687-264E-34BE9A33F8D1" value="true"/>
</engineerTo>
<targetPk>643DABE8-4B92-BD1C-0ED8-3B80293ABE6D</targetPk>
<identifying>false</identifying>
<optionalSource>true</optionalSource>
<optionalTarget>false</optionalTarget>
<sourceCardinality>1</sourceCardinality>
<sourceEntity>86E21075-7C6F-31CE-5B02-D702A13C341D</sourceEntity>
<targetCardinalityString>*</targetCardinalityString>
<targetEntity>86E21075-7C6F-31CE-5B02-D702A13C341D</targetEntity>
<transferable>true</transferable>
<deleteRule>NO ACTION</deleteRule>
</Relation>
