<?xml version = '1.0' encoding = 'UTF-8'?>
<Relation class="oracle.dbtools.crest.model.design.logical.Relation" name="Pa-Re" directorySegmentName="seg_0" id="42CF1D72-C19D-568E-1670-89D2C21619BF">
<createdBy>javit</createdBy>
<createdTime>2026-01-19 22:41:27 UTC</createdTime>
<ownerDesignName>Modelo_Base</ownerDesignName>
<engineerTo>
<item key="DA37C16A-6FE4-5687-264E-34BE9A33F8D1" value="true"/>
</engineerTo>
<sourcePk>8FF8002E-CBB4-75C5-697B-ACC2940BC471</sourcePk>
<identifying>false</identifying>
<optionalSource>true</optionalSource>
<optionalTarget>false</optionalTarget>
<sourceCardinality>1</sourceCardinality>
<sourceEntity>024D1705-A66F-AFB3-5B51-C1514889CC25</sourceEntity>
<targetCardinalityString>*</targetCardinalityString>
<targetEntity>D9347185-5459-CB18-A055-6A71602D3C87</targetEntity>
<transferable>true</transferable>
<deleteRule>NO ACTION</deleteRule>
</Relation>
