<?xml version = '1.0' encoding = 'UTF-8'?>
<Relation class="oracle.dbtools.crest.model.design.logical.Relation" name="Pa-Eq" directorySegmentName="seg_0" id="6215CDB1-9F5D-98EB-9C69-362F45D8B75A">
<createdBy>javit</createdBy>
<createdTime>2026-01-19 22:43:37 UTC</createdTime>
<ownerDesignName>Modelo_Base</ownerDesignName>
<engineerTo>
<item key="DA37C16A-6FE4-5687-264E-34BE9A33F8D1" value="true"/>
</engineerTo>
<sourcePk>8FF8002E-CBB4-75C5-697B-ACC2940BC471</sourcePk>
<identifying>false</identifying>
<optionalSource>true</optionalSource>
<optionalTarget>false</optionalTarget>
<sourceCardinality>1</sourceCardinality>
<sourceEntity>024D1705-A66F-AFB3-5B51-C1514889CC25</sourceEntity>
<targetCardinalityString>*</targetCardinalityString>
<targetEntity>051C2E64-74C7-53C7-BE24-534AF2A09DB0</targetEntity>
<transferable>true</transferable>
<deleteRule>NO ACTION</deleteRule>
</Relation>
