<?xml version = '1.0' encoding = 'UTF-8'?>
<Relation class="oracle.dbtools.crest.model.design.logical.Relation" name="Vu-Re" directorySegmentName="seg_0" id="8E743CA3-C540-9595-7D68-6C2871043D41">
<createdBy>javit</createdBy>
<createdTime>2026-01-19 22:42:51 UTC</createdTime>
<ownerDesignName>Modelo_Base</ownerDesignName>
<engineerTo>
<item key="DA37C16A-6FE4-5687-264E-34BE9A33F8D1" value="true"/>
</engineerTo>
<sourcePk>FA158F2E-BDA2-4307-9383-056C7E53DD9F</sourcePk>
<identifying>false</identifying>
<optionalSource>false</optionalSource>
<optionalTarget>false</optionalTarget>
<sourceCardinality>1</sourceCardinality>
<sourceEntity>0DC22908-E726-CB0D-6341-BB7F0A9F2E67</sourceEntity>
<targetCardinalityString>*</targetCardinalityString>
<targetEntity>D9347185-5459-CB18-A055-6A71602D3C87</targetEntity>
<transferable>true</transferable>
<deleteRule>NO ACTION</deleteRule>
</Relation>
