<?xml version = '1.0' encoding = 'UTF-8'?>
<Relation class="oracle.dbtools.crest.model.design.logical.Relation" name="Av-Vu" directorySegmentName="seg_0" id="9ACE1571-6391-487B-1E53-811A881D1B1A">
<createdBy>javit</createdBy>
<createdTime>2026-01-19 22:43:07 UTC</createdTime>
<ownerDesignName>Modelo_Base</ownerDesignName>
<engineerTo>
<item key="DA37C16A-6FE4-5687-264E-34BE9A33F8D1" value="true"/>
</engineerTo>
<sourcePk>5C478D7D-29FF-723F-8598-2841D755808A</sourcePk>
<identifying>false</identifying>
<optionalSource>true</optionalSource>
<optionalTarget>false</optionalTarget>
<sourceCardinality>1</sourceCardinality>
<sourceEntity>9537AB7F-B39F-3401-608A-E5C2E7151766</sourceEntity>
<targetCardinalityString>*</targetCardinalityString>
<targetEntity>0DC22908-E726-CB0D-6341-BB7F0A9F2E67</targetEntity>
<transferable>true</transferable>
<deleteRule>NO ACTION</deleteRule>
</Relation>
