<?xml version = '1.0' encoding = 'UTF-8'?>
<Entity class="oracle.dbtools.crest.model.design.logical.Entity" directorySegmentName="seg_0" id="0DC22908-E726-CB0D-6341-BB7F0A9F2E67" name="VUELO">
<createdBy>javit</createdBy>
<createdTime>2026-01-12 23:28:35 UTC</createdTime>
<ownerDesignName>Modelo_Base</ownerDesignName>
<engineerTo>
<item key="DA37C16A-6FE4-5687-264E-34BE9A33F8D1" value="true"/>
</engineerTo>
<adequatelyNormalized>NO</adequatelyNormalized>
<expectedVolumes>0</expectedVolumes>
<fwdEngineeringStrategyName>Single Table</fwdEngineeringStrategyName>
<growthPercent>0</growthPercent>
<growthType>Year</growthType>
<maxVolumes>9999999</maxVolumes>
<minVolumes>0</minVolumes>
<normalForm>Third</normalForm>
<attributes itemClass="oracle.dbtools.crest.model.design.logical.Attribute">
<Attribute name="num_vuelo" id="F74C68C1-92FE-76DD-7314-4FF27CEA044A">
<createdBy>javit</createdBy>
<createdTime>2026-01-12 23:28:59 UTC</createdTime>
<ownerDesignName>Modelo_Base</ownerDesignName>
<engineerTo>
<item key="DA37C16A-6FE4-5687-264E-34BE9A33F8D1" value="true"/>
</engineerTo>
<useDomainConstraints>false</useDomainConstraints>
<use>1</use>
<logicalDatatype>LOGDT011</logicalDatatype>
<ownDataTypeParameters>,,</ownDataTypeParameters>
</Attribute>
<Attribute name="fecha_despegue" id="74DEDA52-CC15-83C0-FEBD-6F42233D642F">
<createdBy>javit</createdBy>
<createdTime>2026-01-12 23:29:09 UTC</createdTime>
<ownerDesignName>Modelo_Base</ownerDesignName>
<engineerTo>
<item key="DA37C16A-6FE4-5687-264E-34BE9A33F8D1" value="true"/>
</engineerTo>
<useDomainConstraints>false</useDomainConstraints>
<use>1</use>
<logicalDatatype>LOGDT007</logicalDatatype>
<ownDataTypeParameters>,,</ownDataTypeParameters>
</Attribute>
<Attribute name="fecha_llegada" id="5980DB7D-78DD-93B8-51F1-D469D0FD9D67">
<createdBy>javit</createdBy>
<createdTime>2026-01-12 23:29:21 UTC</createdTime>
<ownerDesignName>Modelo_Base</ownerDesignName>
<engineerTo>
<item key="DA37C16A-6FE4-5687-264E-34BE9A33F8D1" value="true"/>
</engineerTo>
<useDomainConstraints>false</useDomainConstraints>
<use>1</use>
<logicalDatatype>LOGDT007</logicalDatatype>
<ownDataTypeParameters>,,</ownDataTypeParameters>
</Attribute>
<Attribute name="hora_salida" id="DD0FA432-03DE-A432-D8F9-11AB923B96BA">
<createdBy>javit</createdBy>
<createdTime>2026-01-12 23:29:32 UTC</createdTime>
<ownerDesignName>Modelo_Base</ownerDesignName>
<engineerTo>
<item key="DA37C16A-6FE4-5687-264E-34BE9A33F8D1" value="true"/>
</engineerTo>
<useDomainConstraints>false</useDomainConstraints>
<use>1</use>
<logicalDatatype>LOGDT008</logicalDatatype>
<ownDataTypeParameters>,,</ownDataTypeParameters>
</Attribute>
</attributes>
<identifiers itemClass="oracle.dbtools.crest.model.design.logical.CandidateKey">
<identifier id="FA158F2E-BDA2-4307-9383-056C7E53DD9F" name="VUELO PK">
<createdBy>javit</createdBy>
<createdTime>2026-01-12 23:29:04 UTC</createdTime>
<ownerDesignName>Modelo_Base</ownerDesignName>
<engineerTo>
<item key="DA37C16A-6FE4-5687-264E-34BE9A33F8D1" value="true"/>
</engineerTo>
<pk>true</pk>
<usedAttributes>
<attributeRef>F74C68C1-92FE-76DD-7314-4FF27CEA044A</attributeRef>
</usedAttributes>
</identifier>
</identifiers>
</Entity>