<?xml version = '1.0' encoding = 'UTF-8'?>
<Entity class="oracle.dbtools.crest.model.design.logical.Entity" directorySegmentName="seg_0" id="86E21075-7C6F-31CE-5B02-D702A13C341D" name="EMPLEADO">
<createdBy>javit</createdBy>
<createdTime>2026-01-12 23:29:58 UTC</createdTime>
<ownerDesignName>Modelo_Base</ownerDesignName>
<engineerTo>
<item key="DA37C16A-6FE4-5687-264E-34BE9A33F8D1" value="true"/>
</engineerTo>
<adequatelyNormalized>NO</adequatelyNormalized>
<expectedVolumes>0</expectedVolumes>
<fwdEngineeringStrategyName>Single Table</fwdEngineeringStrategyName>
<growthPercent>0</growthPercent>
<growthType>Year</growthType>
<maxVolumes>9999999</maxVolumes>
<minVolumes>0</minVolumes>
<normalForm>Third</normalForm>
<attributes itemClass="oracle.dbtools.crest.model.design.logical.Attribute">
<Attribute name="RUT" id="41E7E5EA-D7EE-34E5-E7BC-30644F4EAC7C">
<createdBy>javit</createdBy>
<createdTime>2026-01-12 23:30:11 UTC</createdTime>
<ownerDesignName>Modelo_Base</ownerDesignName>
<engineerTo>
<item key="DA37C16A-6FE4-5687-264E-34BE9A33F8D1" value="true"/>
</engineerTo>
<useDomainConstraints>false</useDomainConstraints>
<use>1</use>
<logicalDatatype>LOGDT024</logicalDatatype>
<dataTypeSize>12</dataTypeSize>
<ownDataTypeParameters>12,,</ownDataTypeParameters>
</Attribute>
<Attribute name="nombre_completo" id="28342694-0A3C-8753-BDC5-A5AD9ACF8466">
<createdBy>javit</createdBy>
<createdTime>2026-01-12 23:30:31 UTC</createdTime>
<ownerDesignName>Modelo_Base</ownerDesignName>
<engineerTo>
<item key="DA37C16A-6FE4-5687-264E-34BE9A33F8D1" value="true"/>
</engineerTo>
<useDomainConstraints>false</useDomainConstraints>
<use>1</use>
<logicalDatatype>LOGDT024</logicalDatatype>
<dataTypeSize>30</dataTypeSize>
<ownDataTypeParameters>30,,</ownDataTypeParameters>
</Attribute>
<Attribute name="direccion" id="F31C2998-0E1B-7876-AB0F-08C4FF3A462E">
<createdBy>javit</createdBy>
<createdTime>2026-01-12 23:30:48 UTC</createdTime>
<ownerDesignName>Modelo_Base</ownerDesignName>
<engineerTo>
<item key="DA37C16A-6FE4-5687-264E-34BE9A33F8D1" value="true"/>
</engineerTo>
<useDomainConstraints>false</useDomainConstraints>
<use>1</use>
<logicalDatatype>LOGDT024</logicalDatatype>
<dataTypeSize>50</dataTypeSize>
<ownDataTypeParameters>50,,</ownDataTypeParameters>
</Attribute>
<Attribute name="sueldo_base" id="4078B481-2E3B-B00B-0D07-AD23F3AE2354">
<createdBy>javit</createdBy>
<createdTime>2026-01-12 23:31:54 UTC</createdTime>
<ownerDesignName>Modelo_Base</ownerDesignName>
<engineerTo>
<item key="DA37C16A-6FE4-5687-264E-34BE9A33F8D1" value="true"/>
</engineerTo>
<useDomainConstraints>false</useDomainConstraints>
<use>1</use>
<logicalDatatype>LOGDT011</logicalDatatype>
<ownDataTypeParameters>,,</ownDataTypeParameters>
</Attribute>
<Attribute name="fecha_ingreso" id="4A2D690C-0A43-515A-1292-241B4C23DC1D">
<createdBy>javit</createdBy>
<createdTime>2026-01-12 23:32:39 UTC</createdTime>
<ownerDesignName>Modelo_Base</ownerDesignName>
<engineerTo>
<item key="DA37C16A-6FE4-5687-264E-34BE9A33F8D1" value="true"/>
</engineerTo>
<useDomainConstraints>false</useDomainConstraints>
<use>1</use>
<logicalDatatype>LOGDT007</logicalDatatype>
<ownDataTypeParameters>,,</ownDataTypeParameters>
</Attribute>
<Attribute name="genero" id="E0BF0DC2-7A58-AEBA-6A25-93C8314F7AE2">
<createdBy>javit</createdBy>
<createdTime>2026-01-12 23:32:55 UTC</createdTime>
<ownerDesignName>Modelo_Base</ownerDesignName>
<engineerTo>
<item key="DA37C16A-6FE4-5687-264E-34BE9A33F8D1" value="true"/>
</engineerTo>
<useDomainConstraints>false</useDomainConstraints>
<use>1</use>
<logicalDatatype>LOGDT024</logicalDatatype>
<dataTypeSize>9</dataTypeSize>
<ownDataTypeParameters>9,,</ownDataTypeParameters>
</Attribute>
<Attribute name="telefono" id="54C8E4DC-944C-309C-C4E8-8DB1D4BC5D59">
<createdBy>javit</createdBy>
<createdTime>2026-01-12 23:33:17 UTC</createdTime>
<ownerDesignName>Modelo_Base</ownerDesignName>
<engineerTo>
<item key="DA37C16A-6FE4-5687-264E-34BE9A33F8D1" value="true"/>
</engineerTo>
<nullsAllowed>true</nullsAllowed>
<useDomainConstraints>false</useDomainConstraints>
<use>1</use>
<logicalDatatype>LOGDT011</logicalDatatype>
<ownDataTypeParameters>,,</ownDataTypeParameters>
</Attribute>
</attributes>
<identifiers itemClass="oracle.dbtools.crest.model.design.logical.CandidateKey">
<identifier id="643DABE8-4B92-BD1C-0ED8-3B80293ABE6D" name="EMPLEADO PK">
<createdBy>javit</createdBy>
<createdTime>2026-01-12 23:30:15 UTC</createdTime>
<ownerDesignName>Modelo_Base</ownerDesignName>
<engineerTo>
<item key="DA37C16A-6FE4-5687-264E-34BE9A33F8D1" value="true"/>
</engineerTo>
<pk>true</pk>
<usedAttributes>
<attributeRef>41E7E5EA-D7EE-34E5-E7BC-30644F4EAC7C</attributeRef>
</usedAttributes>
</identifier>
</identifiers>
</Entity>