<?xml version = '1.0' encoding = 'UTF-8'?>
<Entity class="oracle.dbtools.crest.model.design.logical.Entity" directorySegmentName="seg_0" id="9537AB7F-B39F-3401-608A-E5C2E7151766" name="AVION">
<createdBy>javit</createdBy>
<createdTime>2026-01-19 22:11:19 UTC</createdTime>
<ownerDesignName>Modelo_Base</ownerDesignName>
<engineerTo>
<item key="DA37C16A-6FE4-5687-264E-34BE9A33F8D1" value="true"/>
</engineerTo>
<adequatelyNormalized>NO</adequatelyNormalized>
<expectedVolumes>0</expectedVolumes>
<fwdEngineeringStrategyName>Single Table</fwdEngineeringStrategyName>
<growthPercent>0</growthPercent>
<growthType>Year</growthType>
<maxVolumes>9999999</maxVolumes>
<minVolumes>0</minVolumes>
<normalForm>Third</normalForm>
<attributes itemClass="oracle.dbtools.crest.model.design.logical.Attribute">
<Attribute name="matricula" id="DF0FB4D5-18BC-132A-13F0-24D4CF3A2083">
<createdBy>javit</createdBy>
<createdTime>2026-01-19 22:11:28 UTC</createdTime>
<ownerDesignName>Modelo_Base</ownerDesignName>
<engineerTo>
<item key="DA37C16A-6FE4-5687-264E-34BE9A33F8D1" value="true"/>
</engineerTo>
<useDomainConstraints>false</useDomainConstraints>
<use>1</use>
<logicalDatatype>LOGDT024</logicalDatatype>
<dataTypeSize>8</dataTypeSize>
<ownDataTypeParameters>8,,</ownDataTypeParameters>
</Attribute>
<Attribute name="marca" id="397F4B6F-DE8E-2977-B858-C600D9EFF85D">
<createdBy>javit</createdBy>
<createdTime>2026-01-19 22:11:42 UTC</createdTime>
<ownerDesignName>Modelo_Base</ownerDesignName>
<engineerTo>
<item key="DA37C16A-6FE4-5687-264E-34BE9A33F8D1" value="true"/>
</engineerTo>
<useDomainConstraints>false</useDomainConstraints>
<use>1</use>
<logicalDatatype>LOGDT024</logicalDatatype>
<dataTypeSize>10</dataTypeSize>
<ownDataTypeParameters>10,,</ownDataTypeParameters>
</Attribute>
<Attribute name="modelo" id="54B72396-B56F-A9DA-B78F-8B5DA4606EEC">
<createdBy>javit</createdBy>
<createdTime>2026-01-19 22:11:56 UTC</createdTime>
<ownerDesignName>Modelo_Base</ownerDesignName>
<engineerTo>
<item key="DA37C16A-6FE4-5687-264E-34BE9A33F8D1" value="true"/>
</engineerTo>
<useDomainConstraints>false</useDomainConstraints>
<use>1</use>
<logicalDatatype>LOGDT024</logicalDatatype>
<dataTypeSize>15</dataTypeSize>
<ownDataTypeParameters>15,,</ownDataTypeParameters>
</Attribute>
<Attribute name="capacidad" id="AF2D36C3-B6B2-B703-0137-A6547E9866C3">
<createdBy>javit</createdBy>
<createdTime>2026-01-19 22:12:10 UTC</createdTime>
<ownerDesignName>Modelo_Base</ownerDesignName>
<engineerTo>
<item key="DA37C16A-6FE4-5687-264E-34BE9A33F8D1" value="true"/>
</engineerTo>
<useDomainConstraints>false</useDomainConstraints>
<use>1</use>
<logicalDatatype>LOGDT019</logicalDatatype>
<dataTypePrecision>3</dataTypePrecision>
<ownDataTypeParameters>,3,</ownDataTypeParameters>
</Attribute>
</attributes>
<identifiers itemClass="oracle.dbtools.crest.model.design.logical.CandidateKey">
<identifier id="5C478D7D-29FF-723F-8598-2841D755808A" name="AVION PK">
<createdBy>javit</createdBy>
<createdTime>2026-01-19 22:11:32 UTC</createdTime>
<ownerDesignName>Modelo_Base</ownerDesignName>
<engineerTo>
<item key="DA37C16A-6FE4-5687-264E-34BE9A33F8D1" value="true"/>
</engineerTo>
<pk>true</pk>
<usedAttributes>
<attributeRef>DF0FB4D5-18BC-132A-13F0-24D4CF3A2083</attributeRef>
</usedAttributes>
</identifier>
</identifiers>
</Entity>
