<?xml version = '1.0' encoding = 'UTF-8'?>
<Entity class="oracle.dbtools.crest.model.design.logical.Entity" directorySegmentName="seg_0" id="D9347185-5459-CB18-A055-6A71602D3C87" name="RESERVA">
<createdBy>javit</createdBy>
<createdTime>2026-01-19 22:07:34 UTC</createdTime>
<ownerDesignName>Modelo_Base</ownerDesignName>
<engineerTo>
<item key="DA37C16A-6FE4-5687-264E-34BE9A33F8D1" value="true"/>
</engineerTo>
<adequatelyNormalized>NO</adequatelyNormalized>
<expectedVolumes>0</expectedVolumes>
<fwdEngineeringStrategyName>Single Table</fwdEngineeringStrategyName>
<growthPercent>0</growthPercent>
<growthType>Year</growthType>
<maxVolumes>9999999</maxVolumes>
<minVolumes>0</minVolumes>
<normalForm>Third</normalForm>
<attributes itemClass="oracle.dbtools.crest.model.design.logical.Attribute">
<Attribute name="id_reserva" id="4E2D05EE-D0F9-B56D-06C5-A5FE105B5E03">
<createdBy>javit</createdBy>
<createdTime>2026-01-19 22:07:46 UTC</createdTime>
<ownerDesignName>Modelo_Base</ownerDesignName>
<engineerTo>
<item key="DA37C16A-6FE4-5687-264E-34BE9A33F8D1" value="true"/>
</engineerTo>
<useDomainConstraints>false</useDomainConstraints>
<use>1</use>
<logicalDatatype>LOGDT019</logicalDatatype>
<dataTypePrecision>7</dataTypePrecision>
<ownDataTypeParameters>,7,</ownDataTypeParameters>
</Attribute>
<Attribute name="fecha_reserva" id="285E9DD0-42C1-689C-37C4-626C85A4D82E">
<createdBy>javit</createdBy>
<createdTime>2026-01-19 22:08:03 UTC</createdTime>
<ownerDesignName>Modelo_Base</ownerDesignName>
<engineerTo>
<item key="DA37C16A-6FE4-5687-264E-34BE9A33F8D1" value="true"/>
</engineerTo>
<useDomainConstraints>false</useDomainConstraints>
<use>1</use>
<logicalDatatype>LOGDT007</logicalDatatype>
<ownDataTypeParameters>,,</ownDataTypeParameters>
</Attribute>
<Attribute name="asiento" id="57E56B2E-C8C0-26E9-2ACC-05E94CBF457C">
<createdBy>javit</createdBy>
<createdTime>2026-01-19 22:08:17 UTC</createdTime>
<ownerDesignName>Modelo_Base</ownerDesignName>
<engineerTo>
<item key="DA37C16A-6FE4-5687-264E-34BE9A33F8D1" value="true"/>
</engineerTo>
<useDomainConstraints>false</useDomainConstraints>
<use>1</use>
<logicalDatatype>LOGDT024</logicalDatatype>
<dataTypeSize>3</dataTypeSize>
<ownDataTypeParameters>3,,</ownDataTypeParameters>
</Attribute>
<Attribute name="clase" id="BA03FC00-6D65-A8CF-9DB4-3F2354C74842">
<createdBy>javit</createdBy>
<createdTime>2026-01-19 22:08:36 UTC</createdTime>
<ownerDesignName>Modelo_Base</ownerDesignName>
<engineerTo>
<item key="DA37C16A-6FE4-5687-264E-34BE9A33F8D1" value="true"/>
</engineerTo>
<useDomainConstraints>false</useDomainConstraints>
<use>1</use>
<logicalDatatype>LOGDT024</logicalDatatype>
<dataTypeSize>10</dataTypeSize>
<ownDataTypeParameters>10,,</ownDataTypeParameters>
</Attribute>
<Attribute name="fecha_salida" id="B1F6927D-E2F3-9994-7248-910A49B66C2E">
<createdBy>javit</createdBy>
<createdTime>2026-01-19 22:08:51 UTC</createdTime>
<ownerDesignName>Modelo_Base</ownerDesignName>
<engineerTo>
<item key="DA37C16A-6FE4-5687-264E-34BE9A33F8D1" value="true"/>
</engineerTo>
<useDomainConstraints>false</useDomainConstraints>
<use>1</use>
<logicalDatatype>LOGDT007</logicalDatatype>
<ownDataTypeParameters>,,</ownDataTypeParameters>
</Attribute>
<Attribute name="estado" id="11D4E39C-BC1F-3422-395C-D20623DB276B">
<createdBy>javit</createdBy>
<createdTime>2026-01-19 22:09:05 UTC</createdTime>
<ownerDesignName>Modelo_Base</ownerDesignName>
<engineerTo>
<item key="DA37C16A-6FE4-5687-264E-34BE9A33F8D1" value="true"/>
</engineerTo>
<useDomainConstraints>false</useDomainConstraints>
<use>1</use>
<logicalDatatype>LOGDT025</logicalDatatype>
<dataTypeSize>1</dataTypeSize>
<ownDataTypeParameters>1,,</ownDataTypeParameters>
</Attribute>
<Attribute name="num_pasaporte" id="0E797950-8F4B-E4D6-AB47-902C5CEE0A4C">
<createdBy>javit</createdBy>
<createdTime>2026-01-19 22:41:27 UTC</createdTime>
<generatorID>42CF1D72-C19D-568E-1670-89D2C21619BF</generatorID>
<ownerDesignName>Modelo_Base</ownerDesignName>
<engineerTo>
<item key="DA37C16A-6FE4-5687-264E-34BE9A33F8D1" value="true"/>
</engineerTo>
<referedAttribute>8DD1E19E-7181-4095-06C2-13B24AE1045A</referedAttribute>
<useDomainConstraints>false</useDomainConstraints>
<use>1</use>
<logicalDatatype>LOGDT019</logicalDatatype>
<dataTypePrecision>9</dataTypePrecision>
<ownDataTypeParameters>,,</ownDataTypeParameters>
</Attribute>
<Attribute name="num_vuelo" id="B83A2D78-91BD-8B49-A440-6B32471A5078">
<createdBy>javit</createdBy>
<createdTime>2026-01-19 22:42:51 UTC</createdTime>
<generatorID>8E743CA3-C540-9595-7D68-6C2871043D41</generatorID>
<ownerDesignName>Modelo_Base</ownerDesignName>
<engineerTo>
<item key="DA37C16A-6FE4-5687-264E-34BE9A33F8D1" value="true"/>
</engineerTo>
<referedAttribute>F74C68C1-92FE-76DD-7314-4FF27CEA044A</referedAttribute>
<useDomainConstraints>false</useDomainConstraints>
<use>1</use>
<logicalDatatype>LOGDT019</logicalDatatype>
<dataTypePrecision>9</dataTypePrecision>
<ownDataTypeParameters>,,</ownDataTypeParameters>
</Attribute>
</attributes>
<identifiers itemClass="oracle.dbtools.crest.model.design.logical.CandidateKey">
<identifier id="AE7F90AD-5ABD-F388-7FBE-0CD46452CEDC" name="RESERVA PK">
<createdBy>javit</createdBy>
<createdTime>2026-01-19 22:09:28 UTC</createdTime>
<ownerDesignName>Modelo_Base</ownerDesignName>
<engineerTo>
<item key="DA37C16A-6FE4-5687-264E-34BE9A33F8D1" value="true"/>
</engineerTo>
<pk>true</pk>
<usedAttributes>
<attributeRef>4E2D05EE-D0F9-B56D-06C5-A5FE105B5E03</attributeRef>
</usedAttributes>
</identifier>
</identifiers>
</Entity>
